username,firstname,lastname,email,course1,password
chuchojajs@gmail.com,JESUS ANTONIO,JIMENEZ SILVERIO,chuchojajs@gmail.com,smy,none
omarmp25@gmail.com,GABRIEL OMAR,MORALES PEREZ,omarmp25@gmail.com,smy,none
oso23adan04@gmail.com,ADAN,ORDUÑA SANCHEZ,oso23adan04@gmail.com,smy,none
jose.gsc00@gmail.com,JOSE GUADALUPE,SEVERIANO CASIMIRO,jose.gsc00@gmail.com,smy,none
jhonatanfiunam@gmail.com,JONATHAN,EVANGELIO VAZQUEZ,jhonatanfiunam@gmail.com,smy,none
david.leo.fer.11@gmail.com,DAVID,ROSALE,david.leo.fer.11@gmail.com,smy,none
